City_ID,City,Lat,Lng,Max Temp,Humidity,Cloudiness,Wind Speed,Country,Date
0,saldanha,-33.0117,17.9442,62.13,79,100,24.94,ZA,1637705348
1,iquique,-20.2208,-70.1431,64.44,71,98,4.56,CL,1637705348
2,alekseyevsk,57.8406,108.3492,13.86,98,100,2.08,RU,1637705348
3,kamaishi,39.2667,141.8833,41.49,93,79,6.2,JP,1637705348
4,dikson,73.5069,80.5464,1.13,94,100,12.73,RU,1637705349
5,ahipara,-35.1667,173.1667,65.75,76,97,0.16,NZ,1637705349
6,leshukonskoye,64.8989,45.7622,5.04,100,98,3.24,RU,1637705349
7,tarija,-21.5355,-64.7296,66.27,85,100,6.76,BO,1637705101
8,tuatapere,-46.1333,167.6833,60.12,51,98,3.06,NZ,1637705350
9,disna,55.568,28.1971,30.25,95,97,6.87,BY,1637705350
10,padang,-0.9492,100.3543,76.41,73,100,3.96,ID,1637705350
11,mani,4.8172,-72.2886,79.32,80,100,2.1,CO,1637705351
12,cap malheureux,-19.9842,57.6142,72.09,84,65,12.57,MU,1637705351
13,ponta do sol,32.6667,-17.1,68.63,79,100,6.17,PT,1637705351
14,bouca,6.5105,18.2733,73.49,50,22,2.77,CF,1637705290
15,punta arenas,-53.15,-70.9167,51.91,58,0,31.07,CL,1637705351
16,hermanus,-34.4187,19.2345,63.9,79,93,9.1,ZA,1637705352
17,port lincoln,-34.7333,135.8667,64.83,79,38,7.7,AU,1637705352
18,albany,42.6001,-73.9662,31.26,57,12,7.0,US,1637705141
19,valparaiso,-33.0393,-71.6273,61.72,87,90,5.75,CL,1637705352
20,yellowknife,62.456,-114.3525,-12.59,96,100,7.23,CA,1637705216
21,broome,42.2506,-75.833,31.69,68,1,3.0,US,1637705353
22,gbarnga,6.9956,-9.4722,75.13,83,45,3.29,LR,1637705353
23,vaini,-21.2,-175.2,84.36,84,20,4.61,TO,1637705353
24,khatanga,71.9667,102.5,0.7,79,97,19.73,RU,1637705075
25,mount gambier,-37.8333,140.7667,61.23,81,99,3.38,AU,1637705354
26,pisco,-13.7,-76.2167,68.05,77,0,14.97,PE,1637705354
27,luton,51.8797,-0.4175,44.35,91,90,4.61,GB,1637705354
28,san francisco,37.7749,-122.4194,67.1,60,40,1.99,US,1637705162
29,gamba,-2.65,10.0,74.44,90,86,3.13,GA,1637705355
30,ixtapa,20.7,-105.2,83.23,74,1,9.22,MX,1637705355
31,rawson,-43.3002,-65.1023,78.31,33,89,22.39,AR,1637705179
32,busselton,-33.65,115.3333,54.05,75,1,7.4,AU,1637705355
33,kaitangata,-46.2817,169.8464,60.21,51,100,4.72,NZ,1637705355
34,mataura,-46.1927,168.8643,61.83,47,93,4.38,NZ,1637705355
35,rio gallegos,-51.6226,-69.2181,57.25,33,40,40.29,AR,1637705356
36,butaritari,3.0707,172.7902,82.02,73,100,16.75,KI,1637705356
37,karratha,-20.7377,116.8463,79.72,50,98,5.28,AU,1637705356
38,akureyri,65.6835,-18.0878,26.04,96,68,6.15,IS,1637705357
39,koulamoutou,-1.1303,12.4736,71.29,98,81,2.55,GA,1637705357
40,codrington,-38.2667,141.9667,62.38,85,85,5.48,AU,1637705357
41,ushuaia,-54.8,-68.3,44.26,81,75,9.22,AR,1637705262
42,vestmanna,62.1564,-7.1664,41.92,75,90,33.38,FO,1637705357
43,portales,34.1862,-103.3344,72.34,26,99,8.01,US,1637705358
44,ribeira grande,38.5167,-28.7,67.68,85,83,18.61,PT,1637705358
45,gat,31.61,34.7642,64.4,67,80,3.53,IL,1637705101
46,tasiilaq,65.6145,-37.6368,21.36,59,36,5.95,GL,1637705358
47,bengkulu,-3.8004,102.2655,74.95,85,99,3.02,ID,1637705359
48,el carmen,8.5106,-73.4478,70.07,98,93,2.21,CO,1637705359
49,carnarvon,-24.8667,113.6333,71.82,47,0,12.62,AU,1637705078
50,new norfolk,-42.7826,147.0587,66.76,70,100,0.74,AU,1637705359
51,durres,41.3231,19.4414,51.98,69,100,9.84,AL,1637705360
52,mecca,21.4267,39.8261,73.35,50,0,3.4,SA,1637705196
53,borogontsy,62.6683,131.1683,-11.36,95,100,2.68,RU,1637705360
54,esperance,-33.8667,121.9,58.3,69,6,4.94,AU,1637705069
55,georgetown,5.4112,100.3354,78.73,88,20,5.75,MY,1637705244
56,hobart,-42.8794,147.3294,67.12,78,0,6.91,AU,1637705176
57,bluff,-46.6,168.3333,55.65,71,100,13.8,NZ,1637705360
58,cape town,-33.9258,18.4232,64.11,63,100,17.49,ZA,1637705111
59,bathsheba,13.2167,-59.5167,81.21,78,40,10.36,BB,1637705361
60,balikpapan,-1.2675,116.8289,76.19,100,20,2.3,ID,1637705361
61,nantucket,41.2835,-70.0995,39.31,48,20,18.41,US,1637705361
62,sikonge,-5.6333,32.7667,70.88,70,97,2.77,TZ,1637705361
63,jamestown,42.097,-79.2353,33.71,90,90,5.99,US,1637705361
64,amga,60.8953,131.9608,-14.64,98,100,2.33,RU,1637705125
65,lorengau,-2.0226,147.2712,80.98,82,100,11.45,PG,1637705362
66,port hawkesbury,45.6169,-61.3485,56.17,95,90,11.01,CA,1637705362
67,virginia beach,36.8529,-75.978,44.02,46,5,1.99,US,1637705097
68,kapaa,22.0752,-159.319,84.18,71,1,3.0,US,1637705362
69,heswall,53.3273,-3.0965,47.98,82,75,5.01,GB,1637705363
70,castro,-24.7911,-50.0119,73.18,51,52,4.99,BR,1637705363
71,victoria,22.2855,114.1577,63.32,66,45,1.01,HK,1637705363
72,hasaki,35.7333,140.8333,45.0,58,0,17.72,JP,1637705364
73,airai,-8.9266,125.4092,62.78,80,100,1.39,TL,1637705364
74,milkovo,54.7167,158.6167,18.99,97,100,4.74,RU,1637705364
75,pahrump,36.2083,-115.9839,73.11,12,1,1.99,US,1637705218
76,rincon de la victoria,36.7172,-4.2758,52.84,67,72,6.71,ES,1637705364
77,thompson,55.7435,-97.8558,-0.24,78,90,12.66,CA,1637705365
78,saint-gilles,43.6766,4.4302,50.14,71,0,10.36,FR,1637705365
79,salalah,17.0151,54.0924,84.29,28,0,12.66,OM,1637705365
80,port alfred,-33.5906,26.891,62.53,66,91,17.38,ZA,1637705366
81,tomatlan,19.9333,-105.25,83.57,61,22,5.23,MX,1637705366
82,lisakovsk,52.5369,62.4936,13.71,90,100,10.67,KZ,1637705366
83,tiksi,71.6872,128.8694,-20.11,97,59,7.11,RU,1637705366
84,uitenhage,-33.7576,25.3971,56.41,67,51,8.9,ZA,1637705367
85,neftcala,39.3742,49.2472,55.87,88,0,10.42,AZ,1637705367
86,surt,31.2089,16.5887,69.62,70,98,8.32,LY,1637705367
87,barrow,71.2906,-156.7887,-0.38,78,75,0.0,US,1637705368
88,sherghati,24.5667,84.7833,58.41,37,0,3.24,IN,1637705368
89,williston,48.147,-103.618,48.92,41,55,3.49,US,1637705275
90,mahebourg,-20.4081,57.7,71.89,88,40,4.61,MU,1637705368
91,luderitz,-26.6481,15.1594,63.75,69,30,18.3,NA,1637705368
92,datong,40.0936,113.2914,22.93,57,3,3.98,CN,1637705369
93,strezhevoy,60.7333,77.5889,8.58,95,100,5.77,RU,1637705369
94,alyangula,-13.8483,136.4192,83.75,65,32,10.18,AU,1637705369
95,nikolskoye,59.7035,30.7861,31.87,83,86,7.49,RU,1637705370
96,flinders,-34.5833,150.8552,71.06,83,100,4.0,AU,1637705370
97,halifax,44.6453,-63.5724,37.47,95,100,8.01,CA,1637705088
98,port hardy,50.6996,-127.4199,45.82,75,63,6.6,CA,1637705370
99,bredasdorp,-34.5322,20.0403,56.28,80,77,2.8,ZA,1637705364
100,beaupre,47.0443,-70.8953,25.92,61,55,8.59,CA,1637705371
101,mikhaylovskoye,51.8239,79.7172,24.33,89,48,10.51,RU,1637705371
102,kamenskiy,50.8855,45.488,21.47,63,63,7.14,RU,1637705371
103,ketchikan,55.3422,-131.6461,39.67,81,90,4.61,US,1637705372
104,kupang,-10.1667,123.5833,77.58,100,20,2.3,ID,1637705372
105,san cristobal,7.7669,-72.225,71.78,86,64,2.77,VE,1637705372
106,pemangkat,1.1667,108.9667,75.69,85,68,4.61,ID,1637705372
107,alice springs,-23.7,133.8833,65.75,88,40,6.91,AU,1637705209
108,atuona,-9.8,-139.0333,77.81,77,27,15.08,PF,1637705373
109,nelson bay,-32.7167,152.15,74.08,81,98,1.99,AU,1637705373
110,avarua,-21.2078,-159.775,80.65,61,20,17.27,CK,1637705373
111,hamilton,39.1834,-84.5333,41.99,45,1,1.99,US,1637705325
112,casablanca,33.5928,-7.6192,56.75,68,73,4.41,MA,1637705374
113,turan,16.0678,108.2208,69.78,94,75,5.75,VN,1637705214
114,kayes,14.0,-11.0,85.15,16,32,2.75,ML,1637705374
115,rikitea,-23.1203,-134.9692,76.89,81,30,15.01,PF,1637705357
116,kavieng,-2.5744,150.7967,83.77,75,100,15.82,PG,1637705096
117,taft,31.7471,54.2088,50.49,73,0,7.78,IR,1637705374
118,cherskiy,68.75,161.3,-34.06,100,32,4.21,RU,1637705375
119,san patricio,28.017,-97.5169,77.41,48,60,10.92,US,1637705375
120,kutum,14.2,24.6667,62.08,22,1,8.86,SD,1637705220
121,sola,-13.8833,167.55,78.67,78,100,12.19,VU,1637705375
122,manzhouli,49.6,117.4333,-2.56,78,1,6.31,CN,1637705376
123,prince rupert,54.3161,-130.3201,39.72,82,100,5.91,CA,1637705153
124,te anau,-45.4167,167.7167,58.37,62,88,1.21,NZ,1637705376
125,saint-louis,16.3333,-15.0,88.38,17,33,8.77,SN,1637705376
126,chuy,-33.6971,-53.4616,58.66,64,0,8.93,UY,1637705377
127,conde,-7.2597,-34.9075,80.06,78,20,5.75,BR,1637705377
128,tonbridge,51.1924,0.2753,42.82,93,1,2.53,GB,1637705377
129,xuddur,4.1213,43.8894,73.98,47,79,7.25,SO,1637705377
130,stornoway,58.2093,-6.3865,48.92,88,75,5.01,GB,1637705378
131,wewak,-3.5534,143.6268,80.02,86,98,5.39,PG,1637705378
132,cachoeira do sul,-30.0392,-52.8939,74.89,45,100,7.83,BR,1637705378
133,awbari,26.5921,12.7805,69.51,26,94,5.1,LY,1637705379
134,grindavik,63.8424,-22.4338,34.27,80,40,21.85,IS,1637705379
135,marawi,7.9986,124.2928,66.65,95,91,1.25,PH,1637705379
136,camacha,33.0833,-16.3333,65.16,77,40,14.97,PT,1637705379
137,seymchan,62.8833,152.4333,-33.97,100,69,0.92,RU,1637705380
138,tuktoyaktuk,69.4541,-133.0374,-4.25,97,100,2.15,CA,1637705380
139,pacific grove,36.6177,-121.9166,69.39,76,20,3.0,US,1637705247
140,chokurdakh,70.6333,147.9167,-26.43,99,98,5.86,RU,1637705380
141,souillac,-20.5167,57.5167,71.98,88,40,4.61,MU,1637705381
142,shimoda,34.6667,138.95,48.11,64,3,29.26,JP,1637705381
143,mar del plata,-38.0023,-57.5575,65.48,58,22,18.28,AR,1637705361
144,clyde river,70.4692,-68.5914,16.02,94,100,13.98,CA,1637705173
145,fortuna,40.5982,-124.1573,58.48,69,1,5.99,US,1637705381
146,bangkalan,-7.0455,112.7351,75.15,91,100,7.29,ID,1637705381
147,victor harbor,-35.5667,138.6167,69.73,95,100,8.39,AU,1637705382
148,dalmatovo,56.26,62.9362,15.44,83,38,14.2,RU,1637705382
149,qaanaaq,77.484,-69.3632,-6.11,67,83,9.55,GL,1637705382
150,coquimbo,-29.9533,-71.3436,62.33,72,20,11.5,CL,1637705281
151,pierre,44.3683,-100.351,54.28,42,1,8.05,US,1637705383
152,palmer,42.1584,-72.3287,35.47,43,20,8.01,US,1637705383
153,west bay,19.3667,-81.4167,80.67,71,75,1.99,KY,1637705383
154,sudak,44.85,34.9667,40.66,91,100,10.11,UA,1637705383
155,diamantino,-14.4086,-56.4461,76.57,87,99,2.17,BR,1637705384
156,bay roberts,47.5999,-53.2648,43.34,86,100,8.99,CA,1637705384
157,sisimiut,66.9395,-53.6735,23.45,54,100,25.68,GL,1637705384
158,predivinsk,57.0669,93.4378,31.21,81,100,11.12,RU,1637705384
159,bethel,41.3712,-73.414,38.55,43,1,5.01,US,1637705385
160,muros,42.7762,-9.0603,52.84,71,45,17.36,ES,1637705362
161,kharan,28.5833,65.4167,61.99,25,2,4.85,PK,1637705385
162,cidreira,-30.1811,-50.2056,67.14,65,1,10.94,BR,1637705385
163,urumqi,43.801,87.6005,14.95,93,71,0.0,CN,1637705386
164,shilong,23.1123,113.8425,61.09,50,14,5.28,CN,1637705386
165,kurilsk,45.2333,147.8833,37.44,71,79,9.4,RU,1637705386
166,kosh-agach,50.0,88.6667,15.58,80,100,4.79,RU,1637705386
167,sao joao da barra,-21.6403,-41.0511,72.57,85,5,9.93,BR,1637705387
168,karatau,43.1667,70.4667,39.25,55,14,1.25,KZ,1637705387
169,bambous virieux,-20.3428,57.7575,71.85,88,40,4.61,MU,1637705387
170,east london,-33.0153,27.9116,61.39,72,72,19.46,ZA,1637705388
171,tukrah,32.5341,20.5791,66.56,61,53,7.38,LY,1637705388
172,kamenka,51.3223,42.7678,17.74,65,6,5.3,RU,1637705388
173,meulaboh,4.1363,96.1285,76.42,86,100,5.06,ID,1637705388
174,asfi,32.2994,-9.2372,61.39,75,62,6.17,MA,1637705389
175,fairbanks,64.8378,-147.7164,-4.0,62,1,0.0,US,1637705105
176,yar-sale,66.8333,70.8333,8.53,96,97,8.5,RU,1637705389
177,shingu,33.7333,135.9833,47.73,71,21,12.62,JP,1637705389
178,hilo,19.7297,-155.09,80.33,69,1,8.05,US,1637705130
179,ilhabela,-23.7781,-45.3581,73.9,73,26,3.44,BR,1637705390
180,aktau,43.65,51.2,45.18,78,72,10.98,KZ,1637705390
181,lodwar,3.1191,35.5973,82.42,45,3,1.79,KE,1637705390
182,yanggu,36.1106,115.7753,36.23,53,0,5.82,CN,1637705390
183,vaasa,63.096,21.6158,39.22,87,20,16.11,FI,1637705391
184,ustka,54.5805,16.8619,46.33,88,88,15.41,PL,1637705391
185,luanda,-8.8368,13.2343,78.8,83,40,9.22,AO,1637705391
186,rapid valley,44.0625,-103.1463,63.07,23,1,1.99,US,1637705391
187,pringsewu,-5.3582,104.9744,73.54,84,100,2.15,ID,1637705392
188,hithadhoo,-0.6,73.0833,82.22,75,99,18.7,MV,1637705392
189,carinhanha,-14.3047,-43.765,78.22,75,100,3.89,BR,1637705392
190,puerto baquerizo moreno,-0.9,-89.6,72.59,73,20,13.8,EC,1637705393
191,viedma,-40.8135,-62.9967,84.88,19,92,14.07,AR,1637705177
192,pimentel,-6.8367,-79.9342,70.09,64,0,20.71,PE,1637705393
193,ancud,-41.8697,-73.8203,66.42,85,41,8.46,CL,1637705394
194,kaeo,-35.1,173.7833,65.32,87,88,8.66,NZ,1637705394
195,batsfjord,70.6345,29.7185,22.93,79,0,8.05,NO,1637705394
196,iquitos,-3.7481,-73.2472,80.64,78,75,2.3,PE,1637705094
197,aswan,24.0934,32.907,65.98,48,0,8.34,EG,1637705134
198,ilulissat,69.2167,-51.1,19.42,42,100,14.97,GL,1637705394
199,kant,27.8,79.8,58.84,54,0,3.33,IN,1637705395
200,los llanos de aridane,28.6585,-17.9182,65.12,83,0,6.91,ES,1637705395
201,kolokani,13.5728,-8.0339,77.52,25,2,8.3,ML,1637705395
202,ostrovnoy,68.0531,39.5131,21.99,92,100,5.17,RU,1637705396
203,klaksvik,62.2266,-6.589,43.72,88,100,37.42,FO,1637705172
204,wajir,1.7471,40.0573,83.62,47,80,10.47,KE,1637705396
205,mashhad,36.297,59.6062,48.34,71,20,0.0,IR,1637705183
206,nhamunda,-2.1861,-56.7131,81.01,68,89,3.31,BR,1637705396
207,anupshahr,28.3667,78.2667,59.94,33,0,3.29,IN,1637705397
208,takoradi,4.8845,-1.7554,80.15,82,60,7.9,GH,1637705397
209,tiquisio,8.5597,-74.2669,75.6,98,96,4.05,CO,1637705397
210,port elizabeth,-33.918,25.5701,57.09,60,72,12.01,ZA,1637705397
211,arraial do cabo,-22.9661,-42.0278,72.48,86,5,9.55,BR,1637705398
212,norman wells,65.282,-126.8329,-11.51,96,100,3.36,CA,1637705398
213,udachnyy,66.4167,112.4,-25.26,97,64,7.63,RU,1637705398
214,saskylakh,71.9167,114.0833,-23.01,94,13,11.32,RU,1637705398
215,abha,18.2164,42.5053,53.85,22,0,5.75,SA,1637705399
216,tabas,33.5959,56.9244,60.35,63,100,2.95,IR,1637705399
217,nouadhibou,20.931,-17.0347,71.53,73,100,15.79,MR,1637705399
218,olafsvik,64.8945,-23.7142,33.82,70,71,21.72,IS,1637705400
219,alta floresta,-9.8756,-56.0861,75.4,94,86,3.49,BR,1637705400
220,vanimo,-2.6741,141.3028,80.01,84,100,4.03,PG,1637705400
221,longyearbyen,78.2186,15.6401,4.84,72,20,11.5,SJ,1637705401
222,upernavik,72.7868,-56.1549,0.01,68,6,8.9,GL,1637705401
223,sadiqabad,28.3062,70.1307,68.77,13,0,5.68,PK,1637705401
224,novoagansk,61.9449,76.6625,10.6,95,100,7.18,RU,1637705401
225,sukagawa,37.2833,140.3833,44.11,90,75,2.3,JP,1637705402
226,tilichiki,60.4667,166.1,-0.6,91,84,9.26,RU,1637705403
227,puerto ayora,-0.7393,-90.3518,76.96,76,28,11.65,EC,1637705403
228,saint-francois,46.4154,3.9054,31.68,89,2,2.3,FR,1637705359
229,jaciara,-15.9653,-54.9683,77.56,84,100,1.77,BR,1637705403
230,kayiry,46.9454,33.7059,34.72,58,15,8.16,UA,1637705404
231,puerto colombia,10.9878,-74.9547,80.69,76,100,11.54,CO,1637705404
232,lebu,-37.6167,-73.65,59.31,79,0,16.91,CL,1637705404
233,kavaratti,10.5669,72.642,81.19,79,68,12.46,IN,1637705405
234,honiara,-9.4333,159.95,84.63,71,90,5.84,SB,1637705405
235,umm kaddadah,13.6017,26.6876,69.82,20,4,13.22,SD,1637705405
236,peniche,39.3558,-9.3811,54.63,72,6,4.18,PT,1637705405
237,hervey bay,-25.2986,152.8535,82.04,82,100,3.0,AU,1637705189
238,dalvik,65.9702,-18.5286,33.64,98,89,27.96,IS,1637705406
239,chapais,49.7834,-74.8492,17.38,94,100,4.21,CA,1637705406
240,inuvik,68.3499,-133.7218,-17.77,99,100,3.4,CA,1637705406
241,moree,-29.4667,149.85,73.42,64,100,16.11,AU,1637705406
242,porto novo,6.4965,2.6036,80.44,86,95,7.27,BJ,1637705367
243,oranjemund,-28.55,16.4333,60.89,88,78,14.83,NA,1637705407
244,dalbandin,28.8947,64.4101,60.35,26,4,4.7,PK,1637705407
245,caravelas,-17.7125,-39.2481,72.21,86,26,6.26,BR,1637705407
246,saint-philippe,-21.3585,55.7679,73.22,77,64,11.16,RE,1637705408
247,the valley,18.217,-63.0578,80.82,78,20,6.91,AI,1637705408
248,pedernales,18.0384,-71.744,79.56,78,97,1.48,DO,1637705408
249,kodiak,57.79,-152.4072,17.11,53,1,5.75,US,1637705337
250,nuuk,64.1835,-51.7216,36.21,93,75,49.48,GL,1637705409
251,carutapera,-1.195,-46.02,80.28,78,98,8.95,BR,1637705409
252,port shepstone,-30.7414,30.455,64.06,67,63,22.62,ZA,1637705409
253,simbahan,6.3032,120.5836,83.77,76,75,15.75,PH,1637705410
254,asau,46.4333,26.4,37.76,94,70,2.33,RO,1637705410
255,petropavlovsk-kamchatskiy,53.0452,158.6483,25.39,86,75,4.47,RU,1637705410
256,auki,-8.7676,160.7034,84.51,65,55,3.31,SB,1637705410
257,talnakh,69.4865,88.3972,11.84,92,100,11.52,RU,1637705411
258,jibuti,11.5,42.5,74.62,64,77,5.55,DJ,1637705411
259,colonia,50.9333,6.95,43.09,94,90,3.44,DE,1637705235
260,dong hoi,17.4833,106.6,62.74,89,100,12.5,VN,1637705237
261,bafoulabe,13.8065,-10.8321,84.51,18,24,2.82,ML,1637705412
262,zaykovo,57.5613,62.7568,19.36,86,96,11.39,RU,1637705412
263,tres arroyos,-38.3739,-60.2798,83.95,15,49,13.31,AR,1637705412
264,lompoc,34.6391,-120.4579,79.79,55,1,12.66,US,1637705412
265,iqaluit,63.7506,-68.5145,25.7,68,100,15.01,CA,1637705282
266,lagoa,39.05,-27.9833,66.22,84,100,22.35,PT,1637705413
267,puerto madryn,-42.7692,-65.0385,81.97,29,73,27.47,AR,1637705413
268,aguas formosas,-17.0822,-40.9358,72.72,92,13,2.48,BR,1637705413
269,anadyr,64.75,177.4833,-17.9,75,20,11.01,RU,1637705413
270,wittelsheim,47.8094,7.2402,39.74,90,0,5.99,FR,1637705414
271,bend,44.0582,-121.3153,41.45,74,1,1.99,US,1637705414
272,pedro ii,-4.4247,-41.4586,83.17,41,96,6.22,BR,1637705414
273,fuerte olimpo,-21.0415,-57.8738,86.29,61,97,4.61,PY,1637705415
274,oksfjord,70.2396,22.3479,20.32,91,83,3.09,NO,1637705177
275,raton,36.9034,-104.4391,64.06,15,1,14.97,US,1637705269
276,kitimat,54.0524,-128.6534,40.91,32,97,1.01,CA,1637705415
277,praia,14.9215,-23.5087,77.54,78,0,14.97,CV,1637705415
278,kruisfontein,-34.0033,24.7314,54.88,72,75,8.19,ZA,1637705416
279,vao,-22.6667,167.4833,74.66,73,100,9.33,NC,1637705173
280,gorkovskiy,45.6542,41.199,38.77,96,100,8.68,RU,1637705416
281,richards bay,-28.783,32.0377,68.56,63,81,16.33,ZA,1637705416
282,thinadhoo,0.5333,72.9333,81.84,76,100,16.58,MV,1637705417
283,nanortalik,60.1432,-45.2371,33.46,74,100,10.54,GL,1637705417
284,cayenne,4.9333,-52.3333,83.08,82,75,3.0,GF,1637705417
285,portland,45.5234,-122.6762,53.28,82,40,1.01,US,1637705182
286,puri,19.8,85.85,78.76,76,9,3.98,IN,1637705156
287,acarau,-2.8856,-40.12,80.98,79,100,16.06,BR,1637705418
288,kysyl-syr,63.8986,122.7617,-27.72,99,14,4.03,RU,1637705418
289,narsaq,60.9167,-46.05,25.02,63,100,9.86,GL,1637705418
290,verkhnyaya salda,58.0456,60.5533,18.59,93,100,10.69,RU,1637705418
291,hami,42.8,93.45,25.54,64,61,1.81,CN,1637705419
292,ginir,7.1333,40.7,55.74,54,27,5.08,ET,1637705419
293,aklavik,68.2191,-135.0107,-15.84,98,100,5.91,CA,1637705131
294,ventspils,57.3894,21.5606,40.93,81,0,11.5,LV,1637705355
295,pevek,69.7008,170.3133,-21.1,99,47,2.91,RU,1637705420
296,hampton,37.0299,-76.3452,44.02,46,20,9.22,US,1637705420
297,lac du bonnet,50.2536,-96.0612,28.89,97,96,2.28,CA,1637705420
298,dickinson,29.4608,-95.0513,70.21,64,1,5.99,US,1637705421
299,irara,-12.05,-38.7667,74.34,87,73,9.71,BR,1637705421
300,ambulu,-8.345,113.6058,75.02,94,99,2.89,ID,1637705421
301,salinopolis,-0.6136,-47.3561,81.39,78,95,10.83,BR,1637705421
302,veraval,20.9,70.3667,78.33,59,93,8.03,IN,1637705422
303,torbay,47.6666,-52.7314,42.58,94,90,31.07,CA,1637705422
304,baft,29.234,56.6057,49.19,60,11,4.9,IR,1637705422
305,santa fe,-31.6333,-60.7,87.75,21,63,4.0,AR,1637705279
306,otjiwarongo,-20.4637,16.6477,65.64,22,0,8.5,NA,1637705423
307,rafaela,-31.2503,-61.4867,89.06,18,32,3.0,AR,1637705423
308,juegang,32.3174,121.1855,39.81,47,0,8.19,CN,1637705423
309,mujiayingzi,42.1167,118.7833,20.25,60,3,6.73,CN,1637705423
310,severo-kurilsk,50.6789,156.125,37.49,98,100,30.6,RU,1637705424
311,sinnamary,5.3833,-52.95,79.3,86,100,8.72,GF,1637705424
312,jumla,29.2747,82.1838,39.58,28,0,4.65,NP,1637705424
313,libas,9.8833,125.9833,78.58,90,100,6.87,PH,1637705425
314,vallenar,-28.5708,-70.7581,74.77,33,66,7.87,CL,1637705425
315,san jeronimo,-11.9472,-75.2829,58.23,68,100,6.08,PE,1637705425
316,cabedelo,-6.9811,-34.8339,81.27,77,94,13.44,BR,1637705425
317,bandarbeyla,9.4942,50.8122,80.06,56,97,11.25,SO,1637705140
318,san jose,37.3394,-121.895,67.87,52,75,1.99,US,1637705257
319,chumikan,54.7183,135.315,23.61,75,100,25.39,RU,1637705426
320,faanui,-16.4833,-151.75,80.74,71,42,4.29,PF,1637705426
321,morozovsk,48.3539,41.8261,32.09,93,100,7.78,RU,1637705426
322,hambantota,6.1241,81.1185,77.63,86,100,5.73,LK,1637705427
323,kargopol,61.5071,38.9456,14.92,99,96,3.85,RU,1637705427
324,szczecinek,53.7079,16.6994,41.79,84,100,9.37,PL,1637705427
325,kaset sombun,16.2805,101.9542,65.35,79,11,4.18,TH,1637705427
326,beloha,-25.1667,45.05,70.29,86,52,8.68,MG,1637705428
327,cairns,-16.9167,145.7667,84.11,77,64,1.14,AU,1637705428
328,sitka,57.0531,-135.33,35.49,87,90,9.22,US,1637705428
329,san quintin,30.4833,-115.95,69.15,57,3,10.94,MX,1637705429
330,ferme-neuve,46.7001,-75.4493,26.06,60,90,5.88,CA,1637705429
331,redencao,-4.2258,-38.7306,81.59,79,39,5.93,BR,1637705429
332,coahuayana,18.7333,-103.6833,89.08,62,5,5.91,MX,1637705429
333,umea,63.8284,20.2597,35.53,93,0,8.05,SE,1637705430
334,todos santos,23.45,-110.2167,84.11,73,35,9.04,MX,1637705430
335,komsomolskiy,40.4272,71.7189,38.62,38,100,1.12,UZ,1637705430
336,benjamin hill,30.1667,-111.1,74.17,40,99,9.75,MX,1637705430
337,safaga,26.7292,33.9365,69.89,49,10,12.59,EG,1637705431
338,asahikawa,43.7678,142.3703,33.01,55,40,12.66,JP,1637705431
339,gimli,50.6336,-96.9907,34.43,93,86,5.37,CA,1637705431
340,hovd,48.0056,91.6419,25.45,54,76,8.05,MN,1637705215
341,marystown,47.1666,-55.1483,46.85,100,100,7.0,CA,1637705432
342,laguna,38.421,-121.4238,66.29,71,1,5.01,US,1637705432
343,faqirwali,29.4663,73.034,65.93,14,0,6.13,PK,1637705432
344,rognan,67.0953,15.3878,37.54,94,98,3.06,NO,1637705432
345,nuevo progreso,23.1667,-97.95,79.59,67,77,5.01,MX,1637705433
346,vila franca do campo,37.7167,-25.4333,66.2,88,99,14.94,PT,1637705433
347,margate,51.3813,1.3862,40.69,76,0,5.99,GB,1637705433
348,panaba,21.2833,-88.2667,76.8,63,66,12.66,MX,1637705433
349,quatre cocos,-20.2078,57.7625,71.71,76,46,8.79,MU,1637705434
350,havre-saint-pierre,50.2334,-63.5986,34.16,93,90,11.5,CA,1637705434
351,bubaque,11.2833,-15.8333,83.03,77,25,12.8,GW,1637705434
352,sao filipe,14.8961,-24.4956,79.57,71,98,3.74,CV,1637705435
353,wuwei,37.9281,102.6414,31.12,21,0,3.51,CN,1637705435
354,gayny,60.3071,54.3241,17.94,96,100,5.37,RU,1637705435
355,montepuez,-13.1256,38.9997,72.93,66,7,6.35,MZ,1637705435
356,isangel,-19.55,169.2667,80.06,76,100,10.31,VU,1637705436
357,murray bridge,-35.1167,139.2667,70.68,92,100,5.75,AU,1637705436
358,albert lea,43.648,-93.3683,53.69,37,1,20.71,US,1637705436
359,geraldton,-28.7667,114.6,54.01,87,0,8.05,AU,1637705436
360,smithers,54.7804,-127.1743,32.2,84,92,1.63,CA,1637705139
361,emerald,-23.5333,148.1667,77.14,78,90,9.22,AU,1637705437
362,eyl,7.9803,49.8164,78.37,74,45,4.99,SO,1637705437
363,trogir,43.5125,16.2517,53.89,54,0,5.75,HR,1637705437
364,kahului,20.8947,-156.47,87.82,56,20,20.71,US,1637705438
365,moron,-34.6534,-58.6198,78.06,34,0,3.0,AR,1637705438
366,sosnovo-ozerskoye,52.5249,111.5418,1.0,93,100,0.76,RU,1637705439
367,ingham,42.6,-84.3833,37.35,57,1,0.0,US,1637705439
368,taman,45.2117,36.7161,39.52,86,100,17.56,RU,1637705439
369,sampit,-2.5333,112.95,74.01,99,100,2.8,ID,1637705439
370,moose factory,51.2585,-80.6094,22.08,85,81,8.3,CA,1637705440
371,broken hill,-31.95,141.4333,73.71,53,98,7.16,AU,1637705440
372,florence,43.7667,11.25,53.28,65,0,5.75,IT,1637705440
373,ocos,14.5094,-92.1933,90.1,70,23,4.54,GT,1637705440
374,westport,41.1415,-73.3579,40.75,39,1,1.01,US,1637705441
375,vardo,70.3705,31.1107,21.18,68,75,13.8,NO,1637705441
376,mount isa,-20.7333,139.5,82.17,32,40,6.91,AU,1637705441
377,timiryazevskiy,56.49,84.8769,28.09,83,100,5.75,RU,1637705442
378,oktyabrskiy,54.4815,53.471,2.8,99,83,5.57,RU,1637705442
379,kupino,54.3663,77.2981,22.19,90,100,16.33,RU,1637705442
380,jardim,-21.4803,-56.1381,85.59,48,99,3.2,BR,1637705443
381,polunochnoye,60.8697,60.4153,4.6,87,98,5.75,RU,1637705443
382,guerrero negro,27.9769,-114.0611,74.16,45,93,9.37,MX,1637705443
383,omboue,-1.5746,9.2618,74.75,87,100,1.54,GA,1637705443
384,kapit,2.0167,112.9333,73.33,100,100,0.74,MY,1637705358
385,nara,34.6851,135.8049,51.08,45,30,13.65,JP,1637705444
386,kalanguy,51.0167,116.5167,-9.11,86,2,5.3,RU,1637705444
387,aketi,2.7388,23.7833,70.81,74,25,2.39,CD,1637705444
388,san juan,-31.5375,-68.5364,87.35,33,24,22.35,AR,1637705202
389,harper,4.375,-7.7169,79.54,83,15,8.68,LR,1637705445
390,katsuura,35.1333,140.3,54.19,60,0,30.15,JP,1637705445
391,labuhan,-6.8844,112.2051,77.79,88,100,5.23,ID,1637705445
392,kismayo,-0.3582,42.5454,78.8,82,94,8.32,SO,1637705446
393,new milford,40.9327,-74.0179,40.84,42,1,1.01,US,1637705446
394,atabayan,10.6833,122.4167,77.94,86,81,13.13,PH,1637705446
395,russkaya polyana,49.417,31.9201,31.01,92,99,2.71,UA,1637705446
396,dali,25.7,100.1833,44.38,92,17,1.81,CN,1637705447
397,sayat,38.7839,63.8803,49.69,33,15,2.53,TM,1637705447
398,belaya gora,68.5333,146.4167,-18.26,97,100,0.36,RU,1637705447
399,kerema,-7.9631,145.7785,80.01,82,97,2.28,PG,1637705447
400,aranos,-24.1333,19.1167,68.2,20,0,9.69,NA,1637705448
401,newport,51.5877,-2.9984,47.86,87,100,4.88,GB,1637705348
402,porbandar,21.6422,69.6093,77.5,49,25,6.55,IN,1637705448
403,buin,-33.7333,-70.75,82.74,38,0,9.06,CL,1637705448
404,chifeng,42.2683,118.9636,21.2,57,4,5.79,CN,1637705366
405,lagos,6.5833,3.75,79.32,88,31,4.21,NG,1637705220
406,provideniya,64.3833,-173.3,8.71,52,0,4.47,RU,1637705449
407,hofn,64.2539,-15.2082,35.62,62,100,11.1,IS,1637705449
408,nabire,-3.3667,135.4833,76.12,94,100,1.79,ID,1637705449
409,kazachinskoye,57.6953,93.2761,32.0,90,99,10.22,RU,1637705449
410,den helder,52.9599,4.7593,49.98,75,90,5.01,NL,1637705450
411,gorele,41.0308,39.0031,58.44,60,90,7.38,TR,1637705450
412,leningradskiy,69.3833,178.4167,-13.92,81,68,5.28,RU,1637705450
413,cochrane,51.1834,-114.4687,28.85,74,90,8.05,CA,1637705451
414,berlevag,70.8578,29.0864,22.95,63,0,8.05,NO,1637705451
415,dalby,-27.1833,151.2667,76.98,62,99,3.0,AU,1637705451
416,banda aceh,5.5577,95.3222,78.93,84,100,5.32,ID,1637705451
417,kailua,21.4022,-157.7394,87.78,68,18,13.78,US,1637705217
418,khandbari,27.3747,87.2039,54.19,78,31,2.1,NP,1637705452
419,prainha,-1.8,-53.48,80.91,63,16,3.33,BR,1637705452
420,comodoro rivadavia,-45.8667,-67.5,80.46,12,0,26.46,AR,1637705225
421,waipawa,-41.4122,175.5153,62.02,55,18,5.97,NZ,1637705452
422,kijang,35.2442,129.2139,43.57,78,56,11.36,KR,1637705453
423,durban,-29.8579,31.0292,66.02,63,80,4.0,ZA,1637705453
424,hopelchen,19.7667,-89.85,78.08,43,12,5.7,MX,1637705453
425,lazaro cardenas,17.9583,-102.2,82.35,71,7,8.39,MX,1637705165
426,te horo,-40.8084,175.1233,64.67,68,2,5.01,NZ,1637705454
427,palora,-1.7,-77.9333,69.91,96,99,1.45,EC,1637705454
428,atambua,-9.1061,124.8925,76.24,81,98,2.01,ID,1637705454
429,aldan,58.6031,125.3894,-12.77,99,100,1.03,RU,1637705454
430,kiunga,-6.1219,141.2906,77.94,88,74,2.21,PG,1637705455
431,dunedin,-45.8742,170.5036,58.73,59,100,1.81,NZ,1637705258
432,maceio,-9.6658,-35.7353,80.04,78,20,9.22,BR,1637705455
433,valley city,46.9233,-98.0032,48.72,46,1,0.0,US,1637705455
434,binga,-17.6203,27.3414,73.54,77,63,3.96,ZW,1637705455
435,vila velha,-20.3297,-40.2925,75.15,85,0,4.0,BR,1637705456
436,russell,32.3502,-85.1999,56.8,41,1,3.44,US,1637705456
437,mamallapuram,12.6264,80.1722,81.05,78,87,8.3,IN,1637705456
438,bouar,5.934,15.596,68.52,55,1,3.89,CF,1637705456
439,tevaitoa,-16.7833,-151.5,80.56,72,48,3.74,PF,1637705457
440,sogne,58.0833,7.8167,47.7,75,100,18.68,NO,1637705457
441,elizabeth city,36.2946,-76.2511,44.02,48,1,16.11,US,1637705442
442,alepe,5.5004,-3.6631,82.27,94,75,3.69,CI,1637705457
443,burnie,-41.0667,145.9167,64.94,68,100,6.58,AU,1637705458
444,wilmington island,32.0036,-80.9737,53.69,37,1,0.0,US,1637705458
445,janesville,42.6828,-89.0187,44.2,39,40,3.0,US,1637705397
446,cabo san lucas,22.8909,-109.9124,84.61,62,40,8.01,MX,1637705458
447,balabac,7.9868,117.0645,82.71,79,100,14.36,PH,1637705459
448,lang son,21.8333,106.7333,55.02,64,100,6.02,VN,1637705459
449,atar,20.5169,-13.0499,82.87,30,88,9.89,MR,1637705459
450,gaoual,11.75,-13.2,78.98,40,12,2.77,GN,1637705459
451,kearney,40.6995,-99.0815,70.72,23,1,15.99,US,1637705233
452,maniitsoq,65.4167,-52.9,28.9,93,100,30.36,GL,1637705460
453,lensk,60.7253,114.9278,-16.1,98,81,3.11,RU,1637705460
454,juneau,58.3019,-134.4197,35.65,92,90,6.91,US,1637705460
455,winnemucca,40.973,-117.7357,50.05,37,75,20.71,US,1637705461
456,puerto escondido,15.85,-97.0667,83.23,69,1,4.61,MX,1637705461
457,bardiyah,31.7561,25.0865,64.94,48,27,9.66,LY,1637705461
458,namibe,-15.1961,12.1522,70.18,72,8,5.39,AO,1637705462
459,itarema,-2.9248,-39.9167,80.8,78,100,15.19,BR,1637705176
460,ola,59.5833,151.2833,12.72,76,20,17.02,RU,1637705462
461,sobolevo,54.4299,31.8996,21.76,65,1,7.4,RU,1637705462
462,dingle,10.9995,122.6711,75.76,91,86,7.25,PH,1637705463
463,sindor,62.8629,51.8905,15.69,94,100,7.74,RU,1637705463
464,celestun,20.8667,-90.4,78.78,66,22,16.78,MX,1637705463
465,verkhnyaya inta,65.9811,60.3094,10.2,95,100,15.95,RU,1637705464
466,nishihara,26.1842,127.7558,63.68,55,20,13.8,JP,1637705464
467,saint anthony,45.0205,-93.218,53.92,35,1,12.66,US,1637705433
468,traralgon,-38.1833,146.5333,70.9,82,93,1.01,AU,1637705464
469,wasilla,61.5814,-149.4394,11.44,66,1,9.22,US,1637705283
470,nemuro,43.3236,145.575,41.29,62,100,13.38,JP,1637705209
471,ribeira brava,32.65,-17.0667,68.63,80,100,6.76,PT,1637705465
472,gobabis,-22.45,18.9667,69.78,17,0,9.91,NA,1637705465
473,asosa,10.0667,34.5333,68.36,46,96,4.21,ET,1637705465
474,fereydunshahr,32.941,50.121,33.22,72,0,3.8,IR,1637705465
475,koslan,63.4564,48.8989,9.34,97,99,5.37,RU,1637705466
476,sijunjung,-0.6876,100.9537,72.23,84,100,1.05,ID,1637705466
477,nueva loja,0.0847,-76.8828,76.48,100,75,3.44,EC,1637705174
478,dubki,43.0225,46.8372,43.38,46,80,4.85,RU,1637705466
479,odweyne,9.4092,45.064,65.79,44,54,7.11,SO,1637705245
480,avera,33.194,-82.5271,54.75,34,3,3.31,US,1637705467
481,inhambane,-23.865,35.3833,72.97,92,98,16.75,MZ,1637705467
482,port-gentil,-0.7193,8.7815,78.13,80,97,1.28,GA,1637705467
483,tezu,27.9167,96.1667,61.79,75,78,2.55,IN,1637705467
484,oussouye,12.485,-16.5469,79.21,82,18,5.64,SN,1637705468
485,eskil,38.4017,33.4131,50.4,68,99,9.24,TR,1637705468
486,tecalitlan,19.4667,-103.3,75.65,53,30,5.03,MX,1637705468
487,bad reichenhall,47.7333,12.8833,34.3,100,20,3.44,DE,1637705469
488,bara,10.3744,10.7288,78.87,25,80,5.48,NG,1637705469
489,edson,53.5835,-116.4356,21.31,68,20,4.61,CA,1637705469
490,marsh harbour,26.5412,-77.0636,71.91,61,1,27.6,BS,1637705469
491,lasa,46.6166,10.7002,34.54,65,3,0.69,IT,1637705470
492,rocha,-34.4833,-54.3333,57.07,64,0,6.24,UY,1637705470
493,denpasar,-8.65,115.2167,78.46,94,40,2.3,ID,1637705470
494,pangnirtung,66.1451,-65.7125,24.82,70,100,25.17,CA,1637705293
495,whitehorse,60.7161,-135.0538,8.31,78,99,8.01,CA,1637705470
496,payyannur,12.1,75.2,76.14,91,24,4.21,IN,1637705471
497,beira,-19.8436,34.8389,78.85,85,93,7.63,MZ,1637705471
498,elliot lake,46.3834,-82.6331,27.34,73,55,4.94,CA,1637705471
499,oranjestad,12.524,-70.027,82.35,78,20,13.8,AW,1637705206
500,annavasal,10.4667,78.7,73.62,96,99,7.43,IN,1637705472
501,sumenep,-7.0167,113.8667,78.57,86,99,5.59,ID,1637705472
502,karasburg,-28.0167,18.75,66.76,38,28,11.86,NA,1637705472
503,juan lacaze,-34.4342,-57.4381,75.11,43,0,11.92,UY,1637705472
504,urucui,-7.2294,-44.5561,78.96,78,99,2.21,BR,1637705473
505,maunabo,18.0072,-65.8993,84.02,73,27,3.76,PR,1637705473
506,areosa,41.7178,-8.8571,52.32,71,5,16.2,PT,1637705473
507,veliki preslav,43.1667,26.8167,52.21,83,100,3.33,BG,1637705473
508,portobelo,9.55,-79.65,75.61,87,100,6.22,PA,1637705474
509,douglas,41.3,-96.167,69.1,26,1,11.5,US,1637705474
510,lubango,-14.9172,13.4925,62.28,65,4,5.19,AO,1637705474
511,esna,25.2934,32.554,65.43,38,1,6.98,EG,1637705475
512,corning,42.1428,-77.0547,33.84,75,90,0.0,US,1637705475
513,dubti,11.7361,41.0853,81.7,47,44,5.28,ET,1637705475
514,ystad,55.4297,13.8204,46.98,83,90,18.19,SE,1637705475
515,san andres,12.5847,-81.7006,84.22,70,90,9.22,CO,1637705476
516,port moresby,-9.4431,147.1797,80.06,80,22,3.11,PG,1637705476
517,vila,42.0304,-8.1588,41.32,80,49,6.73,PT,1637705476
518,burbank,34.1808,-118.309,79.05,26,1,5.01,US,1637705477
519,olga,43.7444,135.2892,20.82,49,98,9.73,RU,1637705477
520,innisfail,-17.5333,146.0333,77.59,87,99,3.09,AU,1637705477
521,college,64.8569,-147.8028,-0.74,62,20,3.44,US,1637705477
522,nguru,12.8791,10.4526,79.84,20,3,9.73,NG,1637705211
523,kedougou,12.5579,-12.1743,80.73,25,36,3.74,SN,1637705478
524,mirnyy,62.5353,113.9611,-18.53,98,77,4.07,RU,1637705478
525,kabardinka,44.6514,37.9428,39.42,88,100,8.68,RU,1637705478
526,gisors,49.2818,1.7801,44.24,94,0,9.33,FR,1637705478
527,roebourne,-20.7833,117.1333,81.09,42,92,4.14,AU,1637705479
528,belmonte,-15.8631,-38.8828,77.5,86,62,6.76,BR,1637705479
529,tahoua,14.8888,5.2692,81.34,16,1,8.25,NE,1637705479
530,talara,-4.5772,-81.2719,72.36,68,0,17.27,PE,1637705480
531,santiago del estero,-27.7951,-64.2615,74.8,82,100,5.7,AR,1637705480
532,pittsburg,38.028,-121.8847,66.96,64,1,4.0,US,1637705185
533,mopti,14.6667,-4.0,83.34,18,2,7.7,ML,1637705480
534,bonfim,3.0833,-59.95,83.97,64,100,4.65,BR,1637705480
535,dudinka,69.4058,86.1778,13.86,83,100,15.17,RU,1637705234
536,chopinzinho,-25.8558,-52.5233,73.06,64,86,3.98,BR,1637705481
537,ancona,43.55,13.1667,52.34,70,100,4.0,IT,1637705481
538,puerto gaitan,4.3133,-72.0816,82.81,73,95,3.36,CO,1637705247
539,coihaique,-45.5752,-72.0662,65.01,39,75,10.36,CL,1637705237
540,snezhnogorsk,69.1933,33.2531,-2.42,81,100,2.89,RU,1637705482
541,bitam,2.076,11.5007,68.68,97,48,2.71,GA,1637705482
542,tashla,51.7716,52.7427,16.83,94,100,4.85,RU,1637705482
543,huaiyuan,32.973,117.1995,40.53,46,0,7.27,CN,1637705482
544,srednekolymsk,67.45,153.6833,-22.07,97,100,3.65,RU,1637705355
545,poum,-20.2333,164.0167,78.87,76,100,13.98,NC,1637705483
546,orbetello,42.4408,11.2196,52.79,80,44,7.43,IT,1637705483
547,zhenlai,45.8495,123.2973,9.45,77,8,8.28,CN,1637705483
548,buala,-8.145,159.5921,83.95,73,87,7.9,SB,1637705484
549,svetlogorsk,52.6333,29.7333,29.21,92,88,3.49,BY,1637705484
550,jining,35.405,116.5814,35.51,59,0,5.75,CN,1637705484
551,nyrob,60.733,56.7202,5.88,99,100,2.42,RU,1637705484
552,vargashi,55.3556,65.8467,15.15,90,27,13.29,RU,1637705485
553,briancon,44.9,6.65,37.51,95,96,4.61,FR,1637705485
554,bushehr,28.9684,50.8385,73.71,56,0,18.61,IR,1637705485
555,elk city,35.412,-99.4043,70.29,19,1,26.46,US,1637705486
556,ayagoz,47.9714,80.4392,30.42,90,100,13.33,KZ,1637705432
557,kopanskaya,46.2779,38.4795,39.92,91,100,8.95,RU,1637705486
558,sorland,67.667,12.6934,39.58,63,96,29.04,NO,1637705486
559,sagua la grande,22.8067,-80.0756,74.39,64,86,13.0,CU,1637705487
560,turayf,31.6725,38.6637,55.6,46,3,5.39,SA,1637705487
561,orsk,51.2049,58.5668,20.8,90,100,1.63,RU,1637705487
562,nova soure,-11.2333,-38.4833,79.97,65,80,14.54,BR,1637705487
563,bonavista,48.6499,-53.1147,43.12,84,100,27.07,CA,1637705488
564,sinjar,36.3209,41.8754,55.27,54,10,5.23,IQ,1637705488
565,coueron,47.2151,-1.7217,42.48,73,0,14.97,FR,1637705488
566,banjar,-8.19,114.9675,78.66,89,99,4.25,ID,1637705489
567,lima,-12.0432,-77.0282,71.91,68,0,12.66,PE,1637705481
568,xichang,27.8964,102.2634,43.18,96,100,2.77,CN,1637705345
569,phalombe,-15.8064,35.6507,75.76,62,95,1.88,MW,1637705489
